{"stats":{"minecraft:killed":{"minecraft:zombie":1,"minecraft:bat":2},"minecraft:dropped":{"hexcasting:amethyst_dust":20,"chemlib:nickel":437,"universutil:cosmic_dust":346,"chemlib:silicon":407,"minecraft:oak_log":1,"minecraft:ender_pearl":1,"chemlib:nitrogen":543,"minecraft:glass_bottle":4,"chemlib:sodium":436,"botania:cyan_petal":1,"chemlib:silver":473,"chemlib:copper":428,"botania:livingrock":8,"chemlib:oxygen":408,"minecraft:dirt":1,"botania:white_petal_block":1,"reactive:litmus_paper":1,"botania:rune_earth":2,"chemlib:strontium":471,"minecraft:amethyst_shard":12,"botania:light_blue_petal":1,"botania:white_petal":4,"chemlib:vanadium":496,"chemlib:zinc":441,"minecraft:gold_ingot":12,"chemlib:magnesium":448,"botania:light_blue_petal_block":1,"chemlib:tin":383,"chemlib:carbon":404,"chemlib:argon":179,"botania:rune_air":1,"minecraft:gunpowder":53,"chemlib:phosphorus":432,"minecraft:charcoal":16,"chemlib:gold":457,"botania:mana_powder":1,"botania:travel_belt":1,"universutil:electron":1,"botania:brown_petal":2,"botania:rune_water":1,"chemlib:manganese":437,"chemlib:chlorine":447,"minecraft:wheat_seeds":5,"chemlib:iron":627,"botania:rune_fire":1,"botania:red_petal":3,"botania:green_petal":1,"chemlib:chromium":418,"minecraft:cobblestone":32,"minecraft:coal":2,"chemlib:scandium":469,"botania:cyan_petal_block":1,"chemlib:potassium":483,"minecraft:diorite":2,"botania:orange_petal":2,"minecraft:smooth_stone":64,"minecraft:paper":12,"botania:blue_petal_block":1,"universutil:down_quark":1,"botania:light_gray_petal":1,"chemlib:sulfur":484,"botania:mana_tablet":2,"chemlib:neon":188,"chemlib:titanium":412,"chemlib:fluorine":475,"botania:rune_mana":1,"chemlib:calcium":439,"chemlib:aluminum":431,"botania:mana_bottle":1,"botania:fel_pumpkin":7,"minecraft:calcite":1,"chemlib:lead":491},"minecraft:crafted":{"minecraft:brick":72,"botania:green_petal":18,"minecraft:oak_planks":520,"botania:livingwood_planks":4,"minecraft:cobblestone_slab":6,"minecraft:barrel":1,"minecraft:cactus":4,"botania:green_petal_block":1,"botania:purple_petal":28,"botanypots:terracotta_hopper_botany_pot":4,"hexcasting:oak_staff":1,"botania:mana_pool":2,"minecraft:stone":192,"minecraft:lever":1,"pneumaticcraft:air_compressor":2,"patchouli:guide_book":1,"pneumaticcraft:pressure_chamber_glass":4,"botania:pink_petal_block":1,"minecraft:iron_bars":16,"minecraft:red_concrete_powder":8,"botania:red_petal":32,"chemlib:lithium":4,"minecraft:glass":8,"minecraft:hopper":2,"botania:twig_wand":1,"minecraft:chest":42,"universutil:gravity":3,"pneumaticcraft:reinforced_stone":48,"pneumaticcraft:pressure_chamber_interface":4,"botania:white_petal_block":1,"botania:light_gray_petal":2,"minecraft:flower_pot":4,"botania:red_petal_block":1,"minecraft:glass_bottle":6,"minecraft:oak_slab":24,"botania:cyan_petal":18,"woodenhopper:wooden_hopper":18,"minecraft:cauldron":1,"minecraft:crafting_table":2,"pneumaticcraft:reinforced_bricks":36,"storagedrawers:oak_full_drawers_1":2,"pneumaticcraft:pressure_chamber_wall":48,"firesticks:fire_stick":1,"minecraft:copper_ingot":8,"botania:livingwood_twig":3,"minecraft:campfire":1,"botania:lime_petal":18,"botania:fel_pumpkin":4,"universutil:atom":285,"chemlib:beryllium":4,"botania:runic_altar":1,"chemlib:water":3,"minecraft:book":1,"universutil:neutron":292,"minecraft:charcoal":512,"minecraft:paper":12,"botania:mana_tablet":1,"reactive:quartz_bottle":4,"chemlib:helium":88,"minecraft:stick":4,"minecraft:iron_ingot":18,"minecraft:gold_ingot":24,"woodenbucket:wooden_bucket":4,"universutil:star_block":4,"botania:apothecary_default":1,"pneumaticcraft:pressure_chamber_valve":1,"minecraft:composter":3,"botania:brown_petal":4,"minecraft:coal":33,"minecraft:stone_shovel":2,"pneumaticcraft:pressure_tube":16,"universutil:cosmic_dust_block":9,"minecraft:furnace":6,"botania:blue_petal_block":1,"botania:blue_petal":26,"minecraft:sugar_cane":8,"pneumaticcraft:small_tank":4,"ceramicshears:ceramic_shears":3,"brickhopper:brick_hopper":18,"botania:cyan_petal_block":1,"botania:white_petal":38,"universutil:gravity_block":2,"botania:light_blue_petal":14,"botania:light_blue_petal_block":1,"universutil:proton":286,"botania:lime_petal_block":1,"minecraft:sugar":1,"botania:pink_petal":18,"minecraft:red_dye":1,"ceramicshears:clay_shears_part":6,"botania:mana_spreader":2,"botania:magenta_petal_block":1,"minecraft:bucket":1,"botania:purple_petal_block":1,"botania:travel_belt":1,"minecraft:stone_axe":2,"minecraft:air":0,"universutil:earth":1,"botania:orange_petal":22,"projecte:alchemical_coal":8,"chemlib:hydrogen":285,"botania:magenta_petal":22,"chemlib:boron":2,"botanypots:terracotta_botany_pot":4,"universutil:star":40,"minecraft:clay":21,"botania:orange_petal_block":1},"minecraft:custom":{"minecraft:interact_with_crafting_table":122,"minecraft:open_barrel":22,"minecraft:leave_game":1,"minecraft:time_since_death":449802,"minecraft:sprint_one_cm":267816,"minecraft:patterns_drawn":35,"minecraft:drop":6443,"minecraft:talked_to_villager":17,"minecraft:play_time":490505,"minecraft:deaths":2,"minecraft:jump":989,"minecraft:walk_on_water_one_cm":223,"minecraft:interact_with_furnace":99,"minecraft:traded_with_villager":4,"minecraft:damage_dealt":568,"minecraft:crouch_one_cm":3598,"tombstone:undead_killed":1,"minecraft:mob_kills":3,"minecraft:inspect_hopper":38,"minecraft:interact_with_campfire":152,"minecraft:walk_one_cm":934664,"minecraft:sneak_time":4444,"minecraft:interact_with_blast_furnace":2,"minecraft:total_world_time":559489,"minecraft:interact_with_stonecutter":1,"minecraft:time_since_rest":449854,"minecraft:damage_taken":1390,"minecraft:fly_one_cm":514962,"minecraft:open_chest":619,"minecraft:fall_one_cm":18457},"minecraft:killed_by":{"minecraft:creeper":1,"minecraft:skeleton":1},"minecraft:used":{"pneumaticcraft:air_compressor":2,"minecraft:chest":22,"ceramicshears:ceramic_shears":216,"minecraft:stone":1,"reactive:scroll":1,"woodenhopper:wooden_hopper":2,"minecraft:grass":49,"botania:manastar":1,"botania:fel_pumpkin":4,"minecraft:lava_bucket":20,"pneumaticcraft:pressure_tube":9,"chemlib:periodic_table":1,"pneumaticcraft:pressure_chamber_wall":29,"minecraft:furnace":4,"minecraft:oak_sapling":82,"botania:runic_altar":1,"firesticks:fire_stick":11,"reactive:acid_bottle":2,"minecraft:cactus":8,"hexcasting:oak_staff":13,"minecraft:composter":3,"pneumaticcraft:pressure_chamber_glass":4,"minecraft:clay":21,"botania:thermalily":1,"minecraft:sugar_cane":7,"minecraft:oak_leaves":136,"minecraft:sand":1,"minecraft:blast_furnace":1,"universutil:everythingness":62,"minecraft:lever":2,"botania:blue_petal":5,"pneumaticcraft:pressure_chamber_interface":3,"botania:pure_daisy":3,"botania:light_gray_mystical_flower":1,"minecraft:bone_meal":8,"storagedrawers:oak_full_drawers_1":3,"pneumaticcraft:small_tank":17,"minecraft:stone_shovel":141,"universutil:cosmic_dust_block":20,"universutil:star_block":12,"pneumaticcraft:pressure_chamber_valve":3,"minecraft:dirt":27,"minecraft:hopper":1,"botania:twig_wand":35,"minecraft:blue_concrete":1,"minecraft:granite":4,"universutil:gravity_block":3,"minecraft:barrel":5,"botania:mana_pool":1,"tombstone:gift":1,"minecraft:cobbled_deepslate":5,"minecraft:water_bucket":3,"botanypots:terracotta_hopper_botany_pot":4,"botania:endoflame":2,"brickhopper:brick_hopper":19,"botania:yellow_mystical_flower":1,"botania:mana_spreader":2,"minecraft:cauldron":1,"minecraft:fletching_table":1,"minecraft:stonecutter":1,"minecraft:cobblestone_slab":1,"minecraft:crafting_table":2,"universutil:harvester_tool":1338,"botania:light_blue_mystical_flower":1,"minecraft:campfire":1,"botania:apothecary_default":1,"minecraft:oak_log":30,"reactive:litmus_paper":2,"universutil:earth":1,"minecraft:stone_axe":239,"projecte:philosophers_stone":49,"minecraft:cobblestone":111,"minecraft:potion":4,"minecraft:red_concrete_powder":7,"botania:cyan_petal":3,"minecraft:bucket":138,"minecraft:smooth_stone":2},"minecraft:broken":{"minecraft:stone_axe":1,"minecraft:stone_shovel":1,"ceramicshears:ceramic_shears":1},"minecraft:picked_up":{"ceramicshears:ceramic_shears":1,"botania:livingwood":24,"universutil:down_quark":882,"botania:rune_water":4,"minecraft:blue_concrete":1,"botania:mana_tablet":2,"minecraft:amethyst_block":22,"botania:mana_pearl":1,"pneumaticcraft:pressure_chamber_wall":7,"botania:cyan_petal_block":1,"minecraft:cobbled_deepslate":22,"minecraft:smooth_stone":66,"botania:mana_powder":7,"minecraft:bucket":1,"chemlib:manganese":276,"chemlib:chlorine":377,"minecraft:cobblestone_slab":1,"minecraft:calcite":2,"minecraft:stick":82,"botania:lexicon":1,"botania:cyan_double_flower":3,"universutil:up_quark":800,"botania:yellow_mystical_flower":6,"brickhopper:brick_hopper":6,"minecraft:diorite":2,"chemlib:titanium":330,"pneumaticcraft:pressure_tube":2,"minecraft:cauldron":1,"botania:white_mystical_flower":19,"chemlib:gold":305,"botania:manasteel_ingot":12,"botania:white_petal_block":1,"minecraft:cactus":12,"minecraft:rotten_flesh":1,"botania:light_gray_mystical_flower":24,"botania:livingrock":35,"botania:light_blue_petal_block":1,"botania:blue_double_flower":5,"minecraft:cobblestone":408,"ceramicshears:ceramic_shears_part":6,"botania:thermalily":1,"chemlib:strontium":295,"minecraft:tuff":37,"chemlib:fluorine":291,"chemlib:sulfur":377,"minecraft:lapis_lazuli":64,"universutil:cosmic_ingot":16,"minecraft:dirt":77,"minecraft:glass":9,"botania:cyan_mystical_flower":3,"minecraft:stonecutter":1,"minecraft:wheat_seeds":19,"botania:pink_mystical_flower":9,"botania:purple_mystical_flower":14,"projecte:philosophers_stone":1,"chemlib:aluminum":287,"minecraft:fletching_table":1,"botania:gray_mystical_flower":21,"botania:red_mystical_flower":16,"numismaticoverhaul:silver_coin":11,"minecraft:sand":23,"chemlib:chromium":234,"minecraft:barrel":4,"chemlib:oxygen":315,"pneumaticcraft:pressure_chamber_interface":1,"minecraft:bundle":1,"minecraft:lever":1,"chemlib:potassium":403,"minecraft:granite":68,"minecraft:bone_meal":8,"minecraft:grass":49,"universutil:electron":599,"minecraft:oak_sapling":94,"minecraft:oak_leaves":184,"universutil:gluon":1319,"minecraft:charcoal":70,"minecraft:crafting_table":2,"chemlib:iron":207,"minecraft:clay_ball":284,"chemlib:vanadium":388,"hexcasting:charged_amethyst":3,"universutil:star_block":8,"chemlib:sodium":355,"tempad:he_who_remains_tempad":1,"chemlib:silver":283,"minecraft:brick":52,"botania:endoflame":2,"chemlib:nickel":302,"pneumaticcraft:compressed_stone":64,"botania:magenta_mystical_flower":11,"universutil:gravity_block":2,"chemlib:nitrogen":395,"botania:pure_daisy":3,"chemlib:magnesium":341,"minecraft:poppy":1,"minecraft:sugar_cane":28,"minecraft:chest":2,"chemlib:calcium":333,"chemlib:copper":331,"botania:manastar":1,"botania:mana_bottle":7,"chemlib:carbon":301,"chemlib:lead":376,"chemlib:neon":167,"minecraft:redstone":64,"minecraft:stone_shovel":1,"botania:lime_mystical_flower":9,"firesticks:fire_stick":1,"universutil:everythingness":67,"chemlib:tin":273,"botania:blue_mystical_flower":3,"botania:travel_belt":1,"pneumaticcraft:pressure_chamber_valve":2,"hexcasting:amethyst_dust":42,"reactive:litmus_paper":10,"reactive:scroll":1,"botania:fel_pumpkin":7,"botania:green_mystical_flower":9,"minecraft:stripped_oak_log":1,"botania:blue_petal_block":1,"chemlib:argon":141,"botania:twig_wand":1,"chemlib:silicon":340,"botania:rune_fire":3,"botania:rune_earth":2,"chemlib:phosphorus":322,"minecraft:oak_log":192,"botania:rune_mana":3,"reactive:quartz":12,"minecraft:paper":3,"botania:black_mystical_flower":3,"botania:light_blue_mystical_flower":8,"minecraft:apple":9,"pneumaticcraft:pressure_chamber_glass":3,"universutil:cosmic_dust":217,"storagedrawers:oak_full_drawers_1":1,"universutil:cosmic_dust_block":11,"minecraft:smooth_basalt":2,"universutil:gravity":2,"minecraft:red_concrete_powder":1,"minecraft:pumpkin":17,"chemlib:iron_dust":10,"pneumaticcraft:small_tank":13,"pneumaticcraft:ingot_iron_compressed":32,"minecraft:gravel":4,"minecraft:amethyst_shard":36,"minecraft:blast_furnace":1,"botania:rune_air":3,"chemlib:zinc":204,"chemlib:scandium":318,"minecraft:stone_axe":1,"botania:orange_mystical_flower":11,"woodenhopper:wooden_hopper":2,"minecraft:terracotta":20,"universutil:harvester_tool":1,"botania:brown_mystical_flower":18},"minecraft:mined":{"minecraft:large_amethyst_bud":1,"minecraft:oak_sapling":6,"universutil:gravity_block":2,"botania:red_mystical_flower":16,"minecraft:granite":83,"minecraft:budding_amethyst":1,"minecraft:grass_block":57,"minecraft:blue_concrete":1,"botania:light_gray_mystical_flower":24,"minecraft:smooth_stone":66,"botania:purple_mystical_flower":14,"minecraft:barrel":4,"minecraft:cobbled_deepslate":1,"minecraft:fire":1,"minecraft:pumpkin":17,"minecraft:fletching_table":1,"minecraft:azure_bluet":1,"minecraft:dirt_path":2,"botania:brown_mystical_flower":18,"botania:light_blue_mystical_flower":8,"botania:green_mystical_flower":9,"botania:orange_mystical_flower":11,"minecraft:amethyst_cluster":36,"minecraft:clay":80,"universutil:cosmic_dust_block":11,"minecraft:blast_furnace":1,"minecraft:calcite":2,"minecraft:poppy":1,"minecraft:chest":2,"minecraft:cobblestone":2,"botania:blue_mystical_flower":3,"minecraft:sugar_cane":16,"botania:blue_double_flower":5,"botania:black_mystical_flower":3,"minecraft:amethyst_block":22,"storagedrawers:oak_full_drawers_1":1,"minecraft:grass":168,"minecraft:oak_log":7,"minecraft:sand":23,"minecraft:dirt":40,"minecraft:smooth_basalt":2,"minecraft:stonecutter":1,"minecraft:oak_leaves":201,"minecraft:deepslate":136,"minecraft:tuff":39,"pneumaticcraft:pressure_chamber_wall":7,"pneumaticcraft:pressure_chamber_glass":3,"pneumaticcraft:pressure_tube":2,"minecraft:lever":1,"botania:cyan_double_flower":3,"botania:magenta_mystical_flower":11,"minecraft:red_concrete_powder":1,"pneumaticcraft:pressure_chamber_valve":2,"minecraft:andesite":10,"treechop:chopped_log":31,"minecraft:cobblestone_slab":1,"botania:livingrock":32,"botania:fel_pumpkin":3,"botania:pure_daisy":2,"minecraft:stone":516,"botania:lime_mystical_flower":9,"minecraft:crafting_table":1,"universutil:star_block":8,"woodenhopper:wooden_hopper":2,"brickhopper:brick_hopper":6,"universutil:everythingness":32,"pneumaticcraft:pressure_chamber_interface":1,"minecraft:campfire":1,"minecraft:tall_grass":22,"minecraft:diorite":30,"botania:livingwood":24,"botania:pink_mystical_flower":9,"minecraft:cactus":4,"botania:cyan_mystical_flower":3,"botania:white_mystical_flower":19,"botania:yellow_mystical_flower":6,"universutil:nothingness":179,"minecraft:gravel":15,"pneumaticcraft:small_tank":13,"botania:gray_mystical_flower":21,"minecraft:terracotta":20}},"DataVersion":3120}